# report_schema	bot-baseline-v1
# scope	ten consecutive opening positions from StandardGame; no tactical coverage claim
# trajectory_selector	first move in LegalMoveGenerator.legalMoves(state) order
# search	MaxNBot(maxDepth=2,maxNodes=128,maxEvaluations=128); BotPolicy.DEFAULT
# policy	chesstree-bot-policy-v1;MATERIAL|100|1;KING_SAFETY|280|1;CHECK_PRESSURE|40|1;MOBILITY|3|1
# first_invocation	first search in this test; not a process-cold measurement
# runtime	java=25.0.3;os=Mac OS X;os_version=27.0;arch=aarch64
fixture	ply_count	actor	move_prefix	chosen_move	expanded_nodes	leaf_evaluations	first_invocation	run1_ns	run2_ns
opening-0	0	WHITE		WHITE:1,2,3>1,1,3:-	21	128	yes	787832708	734566292
opening-1	1	RED	WHITE:1,3,1>1,1,0:-	RED:3,2,3>3,1,3:-	21	128	no	690035375	694905417
opening-2	2	BLACK	WHITE:1,3,1>1,1,0:-;RED:3,3,1>3,1,0:-	BLACK:0,0,1>0,0,2:-	21	128	no	701488333	703800917
opening-3	3	WHITE	WHITE:1,3,1>1,1,0:-;RED:3,3,1>3,1,0:-;BLACK:5,3,1>5,1,0:-	WHITE:1,2,3>1,1,3:-	21	128	no	771723833	711134792
opening-4	4	RED	WHITE:1,3,1>1,1,0:-;RED:3,3,1>3,1,0:-;BLACK:5,3,1>5,1,0:-;WHITE:1,3,0>1,3,1:-	RED:3,2,3>3,1,3:-	21	128	no	705267375	702267375
opening-5	5	BLACK	WHITE:1,3,1>1,1,0:-;RED:3,3,1>3,1,0:-;BLACK:5,3,1>5,1,0:-;WHITE:1,3,0>1,3,1:-;RED:3,3,0>3,3,1:-	BLACK:0,0,1>0,0,2:-	21	128	no	696130125	690700167
opening-6	6	WHITE	WHITE:1,3,1>1,1,0:-;RED:3,3,1>3,1,0:-;BLACK:5,3,1>5,1,0:-;WHITE:1,3,0>1,3,1:-;RED:3,3,0>3,3,1:-;BLACK:5,3,0>5,3,1:-	WHITE:1,2,3>1,1,3:-	20	128	no	689321167	820398958
opening-7	7	RED	WHITE:1,3,1>1,1,0:-;RED:3,3,1>3,1,0:-;BLACK:5,3,1>5,1,0:-;WHITE:1,3,0>1,3,1:-;RED:3,3,0>3,3,1:-;BLACK:5,3,0>5,3,1:-;WHITE:1,3,1>1,3,0:-	RED:3,2,3>3,1,3:-	20	128	no	698773000	685810542
opening-8	8	BLACK	WHITE:1,3,1>1,1,0:-;RED:3,3,1>3,1,0:-;BLACK:5,3,1>5,1,0:-;WHITE:1,3,0>1,3,1:-;RED:3,3,0>3,3,1:-;BLACK:5,3,0>5,3,1:-;WHITE:1,3,1>1,3,0:-;RED:3,3,1>3,3,0:-	BLACK:0,0,1>0,0,2:-	20	128	no	691187917	691750834
opening-9	9	WHITE	WHITE:1,3,1>1,1,0:-;RED:3,3,1>3,1,0:-;BLACK:5,3,1>5,1,0:-;WHITE:1,3,0>1,3,1:-;RED:3,3,0>3,3,1:-;BLACK:5,3,0>5,3,1:-;WHITE:1,3,1>1,3,0:-;RED:3,3,1>3,3,0:-;BLACK:5,3,1>5,3,0:-	WHITE:1,2,3>1,1,3:-	21	128	no	865897917	773280250
