# report_schema	bot-endgame-probe-v2
# provenance	synthetic full-state constructors; StandardGame reachability unproven; not reconstructed from video
# purpose	record positive or negative king-shuffle reproduction; no objectively forced win or strength claim
# search	MaxNBot and BoundedMaxNBot maxDepth=2,maxNodes=128,maxEvaluations=128; no learning
# evaluation	CONTROL/version=1;PAWN_PROGRESS/version=2;every search/evaluation row identifies its mode
# comparison	bounded CONTROL and PAWN_PROGRESS use identical full initial states, policies, iterative allocation and work caps; legacy MaxN is a separate diagnostic
# scope	synthetic comparison only; independent of app depth/time/work settings; no strength acceptance claim
# policy	chesstree-bot-policy-v1;MATERIAL|100|1;KING_SAFETY|280|1;CHECK_PRESSURE|40|1;MOBILITY|3|1
# root_leaf	static evaluation after public reducer; not depth-2 backed-up root values
# recurrence	full Position/participants/armies/actor/phase equality, excluding Turn.ply; diagnostic only, not a draw
# runtime	java=25.0.3;os=Mac OS X;arch=aarch64
kind	fixture	ply	actor	move	piece_type	score_white	score_red	score_black	nodes	evaluations	completed_depth	source	stop_reason	elapsed_ns	detail
initial_state	three-free-pawns	293	WHITE	-	-	-	-	-	-	-	-	-	-	-	GameState(position=Position(pieces={white-back-king=Piece(id=white-back-king, type=KING, army=WHITE, coordinate=BoardCoordinate(vertex=0, column=3, row=0), hasMoved=true), red-back-king=Piece(id=red-back-king, type=KING, army=RED, coordinate=BoardCoordinate(vertex=2, column=3, row=0), hasMoved=true), black-back-king=Piece(id=black-back-king, type=KING, army=BLACK, coordinate=BoardCoordinate(vertex=4, column=3, row=0), hasMoved=true), white-pawn-progress=Piece(id=white-pawn-progress, type=PAWN, army=WHITE, coordinate=BoardCoordinate(vertex=0, column=0, row=2), hasMoved=true), red-pawn-progress=Piece(id=red-pawn-progress, type=PAWN, army=RED, coordinate=BoardCoordinate(vertex=2, column=0, row=2), hasMoved=true), black-pawn-progress=Piece(id=black-pawn-progress, type=PAWN, army=BLACK, coordinate=BoardCoordinate(vertex=4, column=0, row=2), hasMoved=true)}, castlingRights=[], enPassantTargets={}), participants={WHITE=Participant(id=WHITE, status=Active), RED=Participant(id=RED, status=Active), BLACK=Participant(id=BLACK, status=Active)}, armies={WHITE=ArmyControl(army=WHITE, controller=WHITE), RED=ArmyControl(army=RED, controller=RED), BLACK=ArmyControl(army=BLACK, controller=BLACK)}, turn=Turn(player=WHITE, ply=293), phase=InProgress)
fixture_validation	three-free-pawns	293	WHITE	-	-	-	-	-	-	-	-	-	-	-	passed;defensive=false
root_leaf	three-free-pawns	293	WHITE	WHITE:h12>g12:-	KING	118.0	112.0	112.0	-	-	-	-	-	-	evaluation=CONTROL;eval_version=1;result_phase=InProgress;pawn_steps=black-pawn-progress:2,red-pawn-progress:2,white-pawn-progress:2
root_leaf	three-free-pawns	293	WHITE	WHITE:h12>g12:-	KING	182.28571428571428	176.28571428571428	176.28571428571428	-	-	-	-	-	-	evaluation=PAWN_PROGRESS;eval_version=2;result_phase=InProgress;pawn_steps=black-pawn-progress:2,red-pawn-progress:2,white-pawn-progress:2
root_leaf	three-free-pawns	293	WHITE	WHITE:h12>h11:-	KING	118.0	112.0	112.0	-	-	-	-	-	-	evaluation=CONTROL;eval_version=1;result_phase=InProgress;pawn_steps=black-pawn-progress:2,red-pawn-progress:2,white-pawn-progress:2
root_leaf	three-free-pawns	293	WHITE	WHITE:h12>h11:-	KING	182.28571428571428	176.28571428571428	176.28571428571428	-	-	-	-	-	-	evaluation=PAWN_PROGRESS;eval_version=2;result_phase=InProgress;pawn_steps=black-pawn-progress:2,red-pawn-progress:2,white-pawn-progress:2
root_leaf	three-free-pawns	293	WHITE	WHITE:h12>g11:-	KING	127.0	112.0	112.0	-	-	-	-	-	-	evaluation=CONTROL;eval_version=1;result_phase=InProgress;pawn_steps=black-pawn-progress:2,red-pawn-progress:2,white-pawn-progress:2
root_leaf	three-free-pawns	293	WHITE	WHITE:h12>g11:-	KING	191.28571428571428	176.28571428571428	176.28571428571428	-	-	-	-	-	-	evaluation=PAWN_PROGRESS;eval_version=2;result_phase=InProgress;pawn_steps=black-pawn-progress:2,red-pawn-progress:2,white-pawn-progress:2
root_leaf	three-free-pawns	293	WHITE	WHITE:e10>e11:-	PAWN	121.0	112.0	112.0	-	-	-	-	-	-	evaluation=CONTROL;eval_version=1;result_phase=InProgress;pawn_steps=black-pawn-progress:2,red-pawn-progress:2,white-pawn-progress:1
root_leaf	three-free-pawns	293	WHITE	WHITE:e10>e11:-	PAWN	198.14285714285714	176.28571428571428	176.28571428571428	-	-	-	-	-	-	evaluation=PAWN_PROGRESS;eval_version=2;result_phase=InProgress;pawn_steps=black-pawn-progress:2,red-pawn-progress:2,white-pawn-progress:1
legacy_choice	three-free-pawns	293	WHITE	WHITE:h12>g11:-	KING	-	-	-	5	16	-	-	-	1002666	evaluation=CONTROL;eval_version=1;fixed_depth=2;partial_budget_allocation;not_completed_iteration_metadata
bounded_choice	three-free-pawns	293	WHITE	WHITE:h12>g11:-	KING	-	-	-	6	20	2	COMPLETED_DEPTH	DEPTH_COMPLETE	5184459	evaluation=CONTROL;eval_version=1
rollout_move	three-free-pawns	293	WHITE	WHITE:h12>g11:-	KING	-	-	-	6	20	2	COMPLETED_DEPTH	DEPTH_COMPLETE	1468917	evaluation=CONTROL;eval_version=1;step=1;pawn_steps_after=black-pawn-progress:2,red-pawn-progress:2,white-pawn-progress:2;phase_after=InProgress
rollout_move	three-free-pawns	294	RED	RED:a1>b2:-	KING	-	-	-	6	20	2	COMPLETED_DEPTH	DEPTH_COMPLETE	1008500	evaluation=CONTROL;eval_version=1;step=2;pawn_steps_after=black-pawn-progress:2,red-pawn-progress:2,white-pawn-progress:2;phase_after=InProgress
rollout_move	three-free-pawns	295	BLACK	BLACK:n8>m7:-	KING	-	-	-	6	40	2	COMPLETED_DEPTH	DEPTH_COMPLETE	1884125	evaluation=CONTROL;eval_version=1;step=3;pawn_steps_after=black-pawn-progress:2,red-pawn-progress:2,white-pawn-progress:2;phase_after=InProgress
rollout_move	three-free-pawns	296	WHITE	WHITE:e10>e11:-	PAWN	-	-	-	11	90	2	COMPLETED_DEPTH	DEPTH_COMPLETE	10022917	evaluation=CONTROL;eval_version=1;step=4;pawn_steps_after=black-pawn-progress:2,red-pawn-progress:2,white-pawn-progress:1;phase_after=InProgress
rollout_move	three-free-pawns	297	RED	RED:d3>d2:-	PAWN	-	-	-	11	90	2	COMPLETED_DEPTH	DEPTH_COMPLETE	5044708	evaluation=CONTROL;eval_version=1;step=5;pawn_steps_after=black-pawn-progress:2,red-pawn-progress:1,white-pawn-progress:1;phase_after=InProgress
rollout_move	three-free-pawns	298	BLACK	BLACK:k6>k7:-	PAWN	-	-	-	11	117	2	COMPLETED_DEPTH	DEPTH_COMPLETE	13124375	evaluation=CONTROL;eval_version=1;step=6;pawn_steps_after=black-pawn-progress:1,red-pawn-progress:1,white-pawn-progress:1;phase_after=InProgress
rollout_move	three-free-pawns	299	WHITE	WHITE:e11>e12:QUEEN	PAWN	-	-	-	12	128	1	COMPLETED_DEPTH	EVALUATION_LIMIT	17966500	evaluation=CONTROL;eval_version=1;step=7;pawn_steps_after=black-pawn-progress:1,red-pawn-progress:1;phase_after=InProgress
rollout_move	three-free-pawns	300	RED	RED:d2>d1:QUEEN	PAWN	-	-	-	12	128	1	COMPLETED_DEPTH	EVALUATION_LIMIT	38013167	evaluation=CONTROL;eval_version=1;step=8;pawn_steps_after=black-pawn-progress:1;phase_after=InProgress
rollout_move	three-free-pawns	301	BLACK	BLACK:k7>k8:QUEEN	PAWN	-	-	-	7	128	1	COMPLETED_DEPTH	EVALUATION_LIMIT	66184916	evaluation=CONTROL;eval_version=1;step=9;pawn_steps_after=none;phase_after=InProgress
rollout_move	three-free-pawns	302	WHITE	WHITE:e12>e9:-	QUEEN	-	-	-	6	128	1	COMPLETED_DEPTH	EVALUATION_LIMIT	79772875	evaluation=CONTROL;eval_version=1;step=10;pawn_steps_after=none;phase_after=InProgress
rollout_move	three-free-pawns	303	RED	RED:b2>a2:-	KING	-	-	-	9	56	2	COMPLETED_DEPTH	DEPTH_COMPLETE	19749208	evaluation=CONTROL;eval_version=1;step=11;pawn_steps_after=none;phase_after=InProgress
rollout_move	three-free-pawns	304	BLACK	BLACK:m7>m6:-	KING	-	-	-	6	128	1	COMPLETED_DEPTH	EVALUATION_LIMIT	40140375	evaluation=CONTROL;eval_version=1;step=12;pawn_steps_after=none;phase_after=InProgress
rollout_summary	three-free-pawns	305	WHITE	-	-	-	-	-	-	-	-	-	-	-	evaluation=CONTROL;eval_version=1;plies=12;king_moves=5;pawn_moves=6;promotions=3;repeated_positions=0;white_turns=4;first_white_pawn_turn=2;king_only_no_pawn_progress=false;final_pawn_steps=none;final_phase=InProgress
bounded_choice	three-free-pawns	293	WHITE	WHITE:e10>e11:-	PAWN	-	-	-	6	20	2	COMPLETED_DEPTH	DEPTH_COMPLETE	1625708	evaluation=PAWN_PROGRESS;eval_version=2
rollout_move	three-free-pawns	293	WHITE	WHITE:e10>e11:-	PAWN	-	-	-	6	20	2	COMPLETED_DEPTH	DEPTH_COMPLETE	1214833	evaluation=PAWN_PROGRESS;eval_version=2;step=1;pawn_steps_after=black-pawn-progress:2,red-pawn-progress:2,white-pawn-progress:1;phase_after=InProgress
rollout_move	three-free-pawns	294	RED	RED:d3>d2:-	PAWN	-	-	-	6	20	2	COMPLETED_DEPTH	DEPTH_COMPLETE	1386834	evaluation=PAWN_PROGRESS;eval_version=2;step=2;pawn_steps_after=black-pawn-progress:2,red-pawn-progress:1,white-pawn-progress:1;phase_after=InProgress
rollout_move	three-free-pawns	295	BLACK	BLACK:k6>k7:-	PAWN	-	-	-	6	32	2	COMPLETED_DEPTH	DEPTH_COMPLETE	1809625	evaluation=PAWN_PROGRESS;eval_version=2;step=3;pawn_steps_after=black-pawn-progress:1,red-pawn-progress:1,white-pawn-progress:1;phase_after=InProgress
rollout_move	three-free-pawns	296	WHITE	WHITE:e11>e12:QUEEN	PAWN	-	-	-	9	56	2	COMPLETED_DEPTH	DEPTH_COMPLETE	4333292	evaluation=PAWN_PROGRESS;eval_version=2;step=4;pawn_steps_after=black-pawn-progress:1,red-pawn-progress:1;phase_after=InProgress
rollout_move	three-free-pawns	297	RED	RED:d2>d1:QUEEN	PAWN	-	-	-	9	56	2	COMPLETED_DEPTH	DEPTH_COMPLETE	7177000	evaluation=PAWN_PROGRESS;eval_version=2;step=5;pawn_steps_after=black-pawn-progress:1;phase_after=InProgress
rollout_move	three-free-pawns	298	BLACK	BLACK:k7>k8:QUEEN	PAWN	-	-	-	8	128	1	COMPLETED_DEPTH	EVALUATION_LIMIT	34180542	evaluation=PAWN_PROGRESS;eval_version=2;step=6;pawn_steps_after=none;phase_after=InProgress
rollout_move	three-free-pawns	299	WHITE	WHITE:e12>e9:-	QUEEN	-	-	-	7	128	1	COMPLETED_DEPTH	EVALUATION_LIMIT	36879917	evaluation=PAWN_PROGRESS;eval_version=2;step=7;pawn_steps_after=none;phase_after=InProgress
rollout_move	three-free-pawns	300	RED	RED:a1>a2:-	KING	-	-	-	5	12	2	COMPLETED_DEPTH	DEPTH_COMPLETE	5319500	evaluation=PAWN_PROGRESS;eval_version=2;step=8;pawn_steps_after=none;phase_after=InProgress
rollout_move	three-free-pawns	301	BLACK	BLACK:n8>m8:-	KING	-	-	-	5	75	2	COMPLETED_DEPTH	DEPTH_COMPLETE	22228584	evaluation=PAWN_PROGRESS;eval_version=2;step=9;pawn_steps_after=none;phase_after=InProgress
rollout_move	three-free-pawns	302	WHITE	WHITE:e9>b2:-	QUEEN	-	-	-	6	128	1	COMPLETED_DEPTH	EVALUATION_LIMIT	40232375	evaluation=PAWN_PROGRESS;eval_version=2;step=10;pawn_steps_after=none;phase_after=InProgress
rollout_move	three-free-pawns	303	RED	RED:a2>b2:-	KING	-	-	-	3	25	2	COMPLETED_DEPTH	DEPTH_COMPLETE	3755875	evaluation=PAWN_PROGRESS;eval_version=2;step=11;pawn_steps_after=none;phase_after=InProgress
rollout_move	three-free-pawns	304	BLACK	BLACK:k8>k5:-	QUEEN	-	-	-	26	90	2	COMPLETED_DEPTH	DEPTH_COMPLETE	15399584	evaluation=PAWN_PROGRESS;eval_version=2;step=12;pawn_steps_after=none;phase_after=InProgress
rollout_summary	three-free-pawns	305	WHITE	-	-	-	-	-	-	-	-	-	-	-	evaluation=PAWN_PROGRESS;eval_version=2;plies=12;king_moves=3;pawn_moves=6;promotions=3;repeated_positions=0;white_turns=4;first_white_pawn_turn=1;king_only_no_pawn_progress=false;final_pawn_steps=none;final_phase=InProgress
initial_state	white-changed-file	293	WHITE	-	-	-	-	-	-	-	-	-	-	-	GameState(position=Position(pieces={white-back-king=Piece(id=white-back-king, type=KING, army=WHITE, coordinate=BoardCoordinate(vertex=0, column=3, row=0), hasMoved=true), red-back-king=Piece(id=red-back-king, type=KING, army=RED, coordinate=BoardCoordinate(vertex=2, column=3, row=0), hasMoved=true), black-back-king=Piece(id=black-back-king, type=KING, army=BLACK, coordinate=BoardCoordinate(vertex=4, column=3, row=0), hasMoved=true), white-pawn-progress=Piece(id=white-pawn-progress, type=PAWN, army=WHITE, coordinate=BoardCoordinate(vertex=5, column=0, row=3), hasMoved=true), red-pawn-progress=Piece(id=red-pawn-progress, type=PAWN, army=RED, coordinate=BoardCoordinate(vertex=2, column=0, row=2), hasMoved=true), black-pawn-progress=Piece(id=black-pawn-progress, type=PAWN, army=BLACK, coordinate=BoardCoordinate(vertex=4, column=0, row=2), hasMoved=true)}, castlingRights=[], enPassantTargets={}), participants={WHITE=Participant(id=WHITE, status=Active), RED=Participant(id=RED, status=Active), BLACK=Participant(id=BLACK, status=Active)}, armies={WHITE=ArmyControl(army=WHITE, controller=WHITE), RED=ArmyControl(army=RED, controller=RED), BLACK=ArmyControl(army=BLACK, controller=BLACK)}, turn=Turn(player=WHITE, ply=293), phase=InProgress)
fixture_validation	white-changed-file	293	WHITE	-	-	-	-	-	-	-	-	-	-	-	passed;defensive=false
root_leaf	white-changed-file	293	WHITE	WHITE:h12>g12:-	KING	118.0	112.0	112.0	-	-	-	-	-	-	evaluation=CONTROL;eval_version=1;result_phase=InProgress;pawn_steps=black-pawn-progress:2,red-pawn-progress:2,white-pawn-progress:3
root_leaf	white-changed-file	293	WHITE	WHITE:h12>g12:-	KING	169.42857142857142	176.28571428571428	176.28571428571428	-	-	-	-	-	-	evaluation=PAWN_PROGRESS;eval_version=2;result_phase=InProgress;pawn_steps=black-pawn-progress:2,red-pawn-progress:2,white-pawn-progress:3
root_leaf	white-changed-file	293	WHITE	WHITE:h12>h11:-	KING	118.0	112.0	112.0	-	-	-	-	-	-	evaluation=CONTROL;eval_version=1;result_phase=InProgress;pawn_steps=black-pawn-progress:2,red-pawn-progress:2,white-pawn-progress:3
root_leaf	white-changed-file	293	WHITE	WHITE:h12>h11:-	KING	169.42857142857142	176.28571428571428	176.28571428571428	-	-	-	-	-	-	evaluation=PAWN_PROGRESS;eval_version=2;result_phase=InProgress;pawn_steps=black-pawn-progress:2,red-pawn-progress:2,white-pawn-progress:3
root_leaf	white-changed-file	293	WHITE	WHITE:h12>g11:-	KING	127.0	112.0	112.0	-	-	-	-	-	-	evaluation=CONTROL;eval_version=1;result_phase=InProgress;pawn_steps=black-pawn-progress:2,red-pawn-progress:2,white-pawn-progress:3
root_leaf	white-changed-file	293	WHITE	WHITE:h12>g11:-	KING	178.42857142857142	176.28571428571428	176.28571428571428	-	-	-	-	-	-	evaluation=PAWN_PROGRESS;eval_version=2;result_phase=InProgress;pawn_steps=black-pawn-progress:2,red-pawn-progress:2,white-pawn-progress:3
root_leaf	white-changed-file	293	WHITE	WHITE:k9>k10:-	PAWN	112.0	112.0	112.0	-	-	-	-	-	-	evaluation=CONTROL;eval_version=1;result_phase=InProgress;pawn_steps=black-pawn-progress:2,red-pawn-progress:2,white-pawn-progress:2
root_leaf	white-changed-file	293	WHITE	WHITE:k9>k10:-	PAWN	176.28571428571428	176.28571428571428	176.28571428571428	-	-	-	-	-	-	evaluation=PAWN_PROGRESS;eval_version=2;result_phase=InProgress;pawn_steps=black-pawn-progress:2,red-pawn-progress:2,white-pawn-progress:2
legacy_choice	white-changed-file	293	WHITE	WHITE:h12>g11:-	KING	-	-	-	5	16	-	-	-	1195459	evaluation=CONTROL;eval_version=1;fixed_depth=2;partial_budget_allocation;not_completed_iteration_metadata
bounded_choice	white-changed-file	293	WHITE	WHITE:h12>g11:-	KING	-	-	-	6	20	2	COMPLETED_DEPTH	DEPTH_COMPLETE	1431667	evaluation=CONTROL;eval_version=1
rollout_move	white-changed-file	293	WHITE	WHITE:h12>g11:-	KING	-	-	-	6	20	2	COMPLETED_DEPTH	DEPTH_COMPLETE	635917	evaluation=CONTROL;eval_version=1;step=1;pawn_steps_after=black-pawn-progress:2,red-pawn-progress:2,white-pawn-progress:3;phase_after=InProgress
rollout_move	white-changed-file	294	RED	RED:a1>b2:-	KING	-	-	-	6	20	2	COMPLETED_DEPTH	DEPTH_COMPLETE	878500	evaluation=CONTROL;eval_version=1;step=2;pawn_steps_after=black-pawn-progress:2,red-pawn-progress:2,white-pawn-progress:3;phase_after=InProgress
rollout_move	white-changed-file	295	BLACK	BLACK:n8>m7:-	KING	-	-	-	6	40	2	COMPLETED_DEPTH	DEPTH_COMPLETE	2761500	evaluation=CONTROL;eval_version=1;step=3;pawn_steps_after=black-pawn-progress:2,red-pawn-progress:2,white-pawn-progress:3;phase_after=InProgress
rollout_move	white-changed-file	296	WHITE	WHITE:g11>f11:-	KING	-	-	-	11	90	2	COMPLETED_DEPTH	DEPTH_COMPLETE	4790167	evaluation=CONTROL;eval_version=1;step=4;pawn_steps_after=black-pawn-progress:2,red-pawn-progress:2,white-pawn-progress:3;phase_after=InProgress
rollout_move	white-changed-file	297	RED	RED:d3>d2:-	PAWN	-	-	-	11	90	2	COMPLETED_DEPTH	DEPTH_COMPLETE	4184125	evaluation=CONTROL;eval_version=1;step=5;pawn_steps_after=black-pawn-progress:2,red-pawn-progress:1,white-pawn-progress:3;phase_after=InProgress
rollout_move	white-changed-file	298	BLACK	BLACK:k6>k7:-	PAWN	-	-	-	11	90	2	COMPLETED_DEPTH	DEPTH_COMPLETE	7154958	evaluation=CONTROL;eval_version=1;step=6;pawn_steps_after=black-pawn-progress:1,red-pawn-progress:1,white-pawn-progress:3;phase_after=InProgress
rollout_move	white-changed-file	299	WHITE	WHITE:f11>e11:-	KING	-	-	-	11	117	2	COMPLETED_DEPTH	DEPTH_COMPLETE	18738625	evaluation=CONTROL;eval_version=1;step=7;pawn_steps_after=black-pawn-progress:1,red-pawn-progress:1,white-pawn-progress:3;phase_after=InProgress
rollout_move	white-changed-file	300	RED	RED:d2>d1:QUEEN	PAWN	-	-	-	12	128	1	COMPLETED_DEPTH	EVALUATION_LIMIT	10607459	evaluation=CONTROL;eval_version=1;step=8;pawn_steps_after=black-pawn-progress:1,white-pawn-progress:3;phase_after=InProgress
rollout_move	white-changed-file	301	BLACK	BLACK:k7>k8:QUEEN	PAWN	-	-	-	14	120	2	COMPLETED_DEPTH	DEPTH_COMPLETE	19089666	evaluation=CONTROL;eval_version=1;step=9;pawn_steps_after=white-pawn-progress:3;phase_after=InProgress
rollout_move	white-changed-file	302	WHITE	WHITE:e11>k11:-	KING	-	-	-	7	128	1	COMPLETED_DEPTH	EVALUATION_LIMIT	26562000	evaluation=CONTROL;eval_version=1;step=10;pawn_steps_after=white-pawn-progress:3;phase_after=InProgress
rollout_move	white-changed-file	303	RED	RED:d1>d4:-	QUEEN	-	-	-	6	128	1	COMPLETED_DEPTH	EVALUATION_LIMIT	21884292	evaluation=CONTROL;eval_version=1;step=11;pawn_steps_after=white-pawn-progress:3;phase_after=InProgress
rollout_move	white-changed-file	304	BLACK	BLACK:m7>m6:-	KING	-	-	-	9	70	2	COMPLETED_DEPTH	DEPTH_COMPLETE	12766916	evaluation=CONTROL;eval_version=1;step=12;pawn_steps_after=white-pawn-progress:3;phase_after=InProgress
rollout_summary	white-changed-file	305	WHITE	-	-	-	-	-	-	-	-	-	-	-	evaluation=CONTROL;eval_version=1;plies=12;king_moves=7;pawn_moves=4;promotions=2;repeated_positions=0;white_turns=4;first_white_pawn_turn=none;king_only_no_pawn_progress=false;final_pawn_steps=white-pawn-progress:3;final_phase=InProgress
bounded_choice	white-changed-file	293	WHITE	WHITE:h12>g11:-	KING	-	-	-	6	20	2	COMPLETED_DEPTH	DEPTH_COMPLETE	679208	evaluation=PAWN_PROGRESS;eval_version=2
rollout_move	white-changed-file	293	WHITE	WHITE:h12>g11:-	KING	-	-	-	6	20	2	COMPLETED_DEPTH	DEPTH_COMPLETE	753834	evaluation=PAWN_PROGRESS;eval_version=2;step=1;pawn_steps_after=black-pawn-progress:2,red-pawn-progress:2,white-pawn-progress:3;phase_after=InProgress
rollout_move	white-changed-file	294	RED	RED:d3>d2:-	PAWN	-	-	-	6	20	2	COMPLETED_DEPTH	DEPTH_COMPLETE	2619500	evaluation=PAWN_PROGRESS;eval_version=2;step=2;pawn_steps_after=black-pawn-progress:2,red-pawn-progress:1,white-pawn-progress:3;phase_after=InProgress
rollout_move	white-changed-file	295	BLACK	BLACK:k6>k7:-	PAWN	-	-	-	6	40	2	COMPLETED_DEPTH	DEPTH_COMPLETE	2785875	evaluation=PAWN_PROGRESS;eval_version=2;step=3;pawn_steps_after=black-pawn-progress:1,red-pawn-progress:1,white-pawn-progress:3;phase_after=InProgress
rollout_move	white-changed-file	296	WHITE	WHITE:k9>k10:-	PAWN	-	-	-	11	72	2	COMPLETED_DEPTH	DEPTH_COMPLETE	3798333	evaluation=PAWN_PROGRESS;eval_version=2;step=4;pawn_steps_after=black-pawn-progress:1,red-pawn-progress:1,white-pawn-progress:2;phase_after=InProgress
rollout_move	white-changed-file	297	RED	RED:d2>d1:QUEEN	PAWN	-	-	-	9	56	2	COMPLETED_DEPTH	DEPTH_COMPLETE	3690875	evaluation=PAWN_PROGRESS;eval_version=2;step=5;pawn_steps_after=black-pawn-progress:1,white-pawn-progress:2;phase_after=InProgress
rollout_move	white-changed-file	298	BLACK	BLACK:k7>k8:QUEEN	PAWN	-	-	-	9	70	2	COMPLETED_DEPTH	DEPTH_COMPLETE	7578958	evaluation=PAWN_PROGRESS;eval_version=2;step=6;pawn_steps_after=white-pawn-progress:2;phase_after=InProgress
rollout_move	white-changed-file	299	WHITE	WHITE:k10>k11:-	PAWN	-	-	-	8	128	1	COMPLETED_DEPTH	EVALUATION_LIMIT	20995875	evaluation=PAWN_PROGRESS;eval_version=2;step=7;pawn_steps_after=white-pawn-progress:1;phase_after=InProgress
rollout_move	white-changed-file	300	RED	RED:d1>d4:-	QUEEN	-	-	-	7	128	1	COMPLETED_DEPTH	EVALUATION_LIMIT	27468209	evaluation=PAWN_PROGRESS;eval_version=2;step=8;pawn_steps_after=white-pawn-progress:1;phase_after=InProgress
rollout_move	white-changed-file	301	BLACK	BLACK:n8>n7:-	KING	-	-	-	5	21	2	COMPLETED_DEPTH	DEPTH_COMPLETE	4296291	evaluation=PAWN_PROGRESS;eval_version=2;step=9;pawn_steps_after=white-pawn-progress:1;phase_after=InProgress
rollout_move	white-changed-file	302	WHITE	WHITE:g11>f11:-	KING	-	-	-	6	128	1	COMPLETED_DEPTH	EVALUATION_LIMIT	25283958	evaluation=PAWN_PROGRESS;eval_version=2;step=10;pawn_steps_after=white-pawn-progress:1;phase_after=InProgress
rollout_move	white-changed-file	303	RED	RED:d4>f10:-	QUEEN	-	-	-	7	128	1	COMPLETED_DEPTH	EVALUATION_LIMIT	32428667	evaluation=PAWN_PROGRESS;eval_version=2;step=11;pawn_steps_after=white-pawn-progress:1;phase_after=InProgress
rollout_move	white-changed-file	304	BLACK	BLACK:k8>k5:-	QUEEN	-	-	-	25	86	2	COMPLETED_DEPTH	DEPTH_COMPLETE	16787125	evaluation=PAWN_PROGRESS;eval_version=2;step=12;pawn_steps_after=white-pawn-progress:1;phase_after=InProgress
rollout_summary	white-changed-file	305	WHITE	-	-	-	-	-	-	-	-	-	-	-	evaluation=PAWN_PROGRESS;eval_version=2;plies=12;king_moves=3;pawn_moves=6;promotions=2;repeated_positions=0;white_turns=4;first_white_pawn_turn=2;king_only_no_pawn_progress=false;final_pawn_steps=white-pawn-progress:1;final_phase=InProgress
candidate_criterion	white-changed-file	293	WHITE	-	-	-	-	-	-	-	-	-	-	-	evaluation=PAWN_PROGRESS;eval_version=2;criterion=first_white_pawn_turn<=3;observed=2;passed=true;not_a_strength_guarantee
initial_state	king-defense-first	293	WHITE	-	-	-	-	-	-	-	-	-	-	-	GameState(position=Position(pieces={white-back-king=Piece(id=white-back-king, type=KING, army=WHITE, coordinate=BoardCoordinate(vertex=0, column=3, row=0), hasMoved=true), red-back-king=Piece(id=red-back-king, type=KING, army=RED, coordinate=BoardCoordinate(vertex=2, column=3, row=0), hasMoved=true), black-back-king=Piece(id=black-back-king, type=KING, army=BLACK, coordinate=BoardCoordinate(vertex=4, column=3, row=0), hasMoved=true), white-pawn-progress=Piece(id=white-pawn-progress, type=PAWN, army=WHITE, coordinate=BoardCoordinate(vertex=0, column=0, row=2), hasMoved=true), red-pawn-progress=Piece(id=red-pawn-progress, type=PAWN, army=RED, coordinate=BoardCoordinate(vertex=2, column=0, row=2), hasMoved=true), black-pawn-progress=Piece(id=black-pawn-progress, type=PAWN, army=BLACK, coordinate=BoardCoordinate(vertex=4, column=0, row=2), hasMoved=true), red-back-rook=Piece(id=red-back-rook, type=ROOK, army=RED, coordinate=BoardCoordinate(vertex=0, column=3, row=2), hasMoved=true)}, castlingRights=[], enPassantTargets={}), participants={WHITE=Participant(id=WHITE, status=Active), RED=Participant(id=RED, status=Active), BLACK=Participant(id=BLACK, status=Active)}, armies={WHITE=ArmyControl(army=WHITE, controller=WHITE), RED=ArmyControl(army=RED, controller=RED), BLACK=ArmyControl(army=BLACK, controller=BLACK)}, turn=Turn(player=WHITE, ply=293), phase=InProgress)
fixture_validation	king-defense-first	293	WHITE	-	-	-	-	-	-	-	-	-	-	-	passed;defensive=true
root_leaf	king-defense-first	293	WHITE	WHITE:h12>g12:-	KING	112.0	642.0	112.0	-	-	-	-	-	-	evaluation=CONTROL;eval_version=1;result_phase=InProgress;pawn_steps=black-pawn-progress:2,red-pawn-progress:2,white-pawn-progress:2
root_leaf	king-defense-first	293	WHITE	WHITE:h12>g12:-	KING	176.28571428571428	642.0	176.28571428571428	-	-	-	-	-	-	evaluation=PAWN_PROGRESS;eval_version=2;result_phase=InProgress;pawn_steps=black-pawn-progress:2,red-pawn-progress:2,white-pawn-progress:2
root_leaf	king-defense-first	293	WHITE	WHITE:h12>g11:-	KING	115.0	642.0	112.0	-	-	-	-	-	-	evaluation=CONTROL;eval_version=1;result_phase=InProgress;pawn_steps=black-pawn-progress:2,red-pawn-progress:2,white-pawn-progress:2
root_leaf	king-defense-first	293	WHITE	WHITE:h12>g11:-	KING	179.28571428571428	642.0	176.28571428571428	-	-	-	-	-	-	evaluation=PAWN_PROGRESS;eval_version=2;result_phase=InProgress;pawn_steps=black-pawn-progress:2,red-pawn-progress:2,white-pawn-progress:2
legacy_choice	king-defense-first	293	WHITE	WHITE:h12>g11:-	KING	-	-	-	3	28	-	-	-	2965792	evaluation=CONTROL;eval_version=1;fixed_depth=2;partial_budget_allocation;not_completed_iteration_metadata
bounded_choice	king-defense-first	293	WHITE	WHITE:h12>g11:-	KING	-	-	-	4	30	2	COMPLETED_DEPTH	DEPTH_COMPLETE	1815667	evaluation=CONTROL;eval_version=1
rollout_move	king-defense-first	293	WHITE	WHITE:h12>g11:-	KING	-	-	-	4	30	2	COMPLETED_DEPTH	DEPTH_COMPLETE	2304208	evaluation=CONTROL;eval_version=1;step=1;pawn_steps_after=black-pawn-progress:2,red-pawn-progress:2,white-pawn-progress:2;phase_after=InProgress
rollout_move	king-defense-first	294	RED	RED:h10>g10:-	ROOK	-	-	-	16	70	2	COMPLETED_DEPTH	DEPTH_COMPLETE	5092750	evaluation=CONTROL;eval_version=1;step=2;pawn_steps_after=black-pawn-progress:2,red-pawn-progress:2,white-pawn-progress:2;phase_after=InProgress
rollout_move	king-defense-first	295	BLACK	BLACK:n8>m7:-	KING	-	-	-	6	24	2	COMPLETED_DEPTH	DEPTH_COMPLETE	1731625	evaluation=CONTROL;eval_version=1;step=3;pawn_steps_after=black-pawn-progress:2,red-pawn-progress:2,white-pawn-progress:2;phase_after=InProgress
rollout_move	king-defense-first	296	WHITE	WHITE:g11>g10:-	KING	-	-	-	7	65	2	COMPLETED_DEPTH	DEPTH_COMPLETE	6686791	evaluation=CONTROL;eval_version=1;step=4;pawn_steps_after=black-pawn-progress:2,red-pawn-progress:2,white-pawn-progress:2;phase_after=InProgress
rollout_move	king-defense-first	297	RED	RED:a1>b2:-	KING	-	-	-	6	40	2	COMPLETED_DEPTH	DEPTH_COMPLETE	1747209	evaluation=CONTROL;eval_version=1;step=5;pawn_steps_after=black-pawn-progress:2,red-pawn-progress:2,white-pawn-progress:2;phase_after=InProgress
rollout_move	king-defense-first	298	BLACK	BLACK:k6>k7:-	PAWN	-	-	-	11	90	2	COMPLETED_DEPTH	DEPTH_COMPLETE	4214500	evaluation=CONTROL;eval_version=1;step=6;pawn_steps_after=black-pawn-progress:1,red-pawn-progress:2,white-pawn-progress:2;phase_after=InProgress
rollout_move	king-defense-first	299	WHITE	WHITE:e10>e11:-	PAWN	-	-	-	11	90	2	COMPLETED_DEPTH	DEPTH_COMPLETE	5379958	evaluation=CONTROL;eval_version=1;step=7;pawn_steps_after=black-pawn-progress:1,red-pawn-progress:2,white-pawn-progress:1;phase_after=InProgress
rollout_move	king-defense-first	300	RED	RED:d3>d2:-	PAWN	-	-	-	11	117	2	COMPLETED_DEPTH	DEPTH_COMPLETE	9304875	evaluation=CONTROL;eval_version=1;step=8;pawn_steps_after=black-pawn-progress:1,red-pawn-progress:1,white-pawn-progress:1;phase_after=InProgress
rollout_move	king-defense-first	301	BLACK	BLACK:k7>k8:QUEEN	PAWN	-	-	-	12	128	1	COMPLETED_DEPTH	EVALUATION_LIMIT	14047125	evaluation=CONTROL;eval_version=1;step=9;pawn_steps_after=red-pawn-progress:1,white-pawn-progress:1;phase_after=InProgress
rollout_move	king-defense-first	302	WHITE	WHITE:e11>e12:QUEEN	PAWN	-	-	-	12	128	1	COMPLETED_DEPTH	EVALUATION_LIMIT	18499666	evaluation=CONTROL;eval_version=1;step=10;pawn_steps_after=red-pawn-progress:1;phase_after=InProgress
rollout_move	king-defense-first	303	RED	RED:d2>d1:QUEEN	PAWN	-	-	-	7	128	1	COMPLETED_DEPTH	EVALUATION_LIMIT	29199625	evaluation=CONTROL;eval_version=1;step=11;pawn_steps_after=none;phase_after=InProgress
rollout_move	king-defense-first	304	BLACK	BLACK:k8>k5:-	QUEEN	-	-	-	6	128	1	COMPLETED_DEPTH	EVALUATION_LIMIT	39596250	evaluation=CONTROL;eval_version=1;step=12;pawn_steps_after=none;phase_after=InProgress
rollout_summary	king-defense-first	305	WHITE	-	-	-	-	-	-	-	-	-	-	-	evaluation=CONTROL;eval_version=1;plies=12;king_moves=4;pawn_moves=6;promotions=3;repeated_positions=0;white_turns=4;first_white_pawn_turn=3;king_only_no_pawn_progress=false;final_pawn_steps=none;final_phase=InProgress
bounded_choice	king-defense-first	293	WHITE	WHITE:h12>g11:-	KING	-	-	-	4	30	2	COMPLETED_DEPTH	DEPTH_COMPLETE	2000791	evaluation=PAWN_PROGRESS;eval_version=2
rollout_move	king-defense-first	293	WHITE	WHITE:h12>g11:-	KING	-	-	-	4	30	2	COMPLETED_DEPTH	DEPTH_COMPLETE	2118709	evaluation=PAWN_PROGRESS;eval_version=2;step=1;pawn_steps_after=black-pawn-progress:2,red-pawn-progress:2,white-pawn-progress:2;phase_after=InProgress
rollout_move	king-defense-first	294	RED	RED:h10>g10:-	ROOK	-	-	-	16	70	2	COMPLETED_DEPTH	DEPTH_COMPLETE	5654042	evaluation=PAWN_PROGRESS;eval_version=2;step=2;pawn_steps_after=black-pawn-progress:2,red-pawn-progress:2,white-pawn-progress:2;phase_after=InProgress
rollout_move	king-defense-first	295	BLACK	BLACK:k6>k7:-	PAWN	-	-	-	6	24	2	COMPLETED_DEPTH	DEPTH_COMPLETE	1895500	evaluation=PAWN_PROGRESS;eval_version=2;step=3;pawn_steps_after=black-pawn-progress:1,red-pawn-progress:2,white-pawn-progress:2;phase_after=InProgress
rollout_move	king-defense-first	296	WHITE	WHITE:g11>g10:-	KING	-	-	-	7	65	2	COMPLETED_DEPTH	DEPTH_COMPLETE	4131333	evaluation=PAWN_PROGRESS;eval_version=2;step=4;pawn_steps_after=black-pawn-progress:1,red-pawn-progress:2,white-pawn-progress:2;phase_after=InProgress
rollout_move	king-defense-first	297	RED	RED:d3>d2:-	PAWN	-	-	-	6	32	2	COMPLETED_DEPTH	DEPTH_COMPLETE	2576875	evaluation=PAWN_PROGRESS;eval_version=2;step=5;pawn_steps_after=black-pawn-progress:1,red-pawn-progress:1,white-pawn-progress:2;phase_after=InProgress
rollout_move	king-defense-first	298	BLACK	BLACK:k7>k8:QUEEN	PAWN	-	-	-	9	70	2	COMPLETED_DEPTH	DEPTH_COMPLETE	3878833	evaluation=PAWN_PROGRESS;eval_version=2;step=6;pawn_steps_after=red-pawn-progress:1,white-pawn-progress:2;phase_after=InProgress
rollout_move	king-defense-first	299	WHITE	WHITE:e10>e11:-	PAWN	-	-	-	11	72	2	COMPLETED_DEPTH	DEPTH_COMPLETE	7116708	evaluation=PAWN_PROGRESS;eval_version=2;step=7;pawn_steps_after=red-pawn-progress:1,white-pawn-progress:1;phase_after=InProgress
rollout_move	king-defense-first	300	RED	RED:d2>d1:QUEEN	PAWN	-	-	-	8	128	1	COMPLETED_DEPTH	EVALUATION_LIMIT	14951833	evaluation=PAWN_PROGRESS;eval_version=2;step=8;pawn_steps_after=white-pawn-progress:1;phase_after=InProgress
rollout_move	king-defense-first	301	BLACK	BLACK:k8>k5:-	QUEEN	-	-	-	12	128	1	COMPLETED_DEPTH	EVALUATION_LIMIT	20613042	evaluation=PAWN_PROGRESS;eval_version=2;step=9;pawn_steps_after=white-pawn-progress:1;phase_after=InProgress
rollout_move	king-defense-first	302	WHITE	WHITE:e11>e12:QUEEN	PAWN	-	-	-	11	36	2	COMPLETED_DEPTH	DEPTH_COMPLETE	9591625	evaluation=PAWN_PROGRESS;eval_version=2;step=10;pawn_steps_after=none;phase_after=InProgress
rollout_move	king-defense-first	303	RED	RED:a1>b1:-	KING	-	-	-	5	75	2	COMPLETED_DEPTH	DEPTH_COMPLETE	20334708	evaluation=PAWN_PROGRESS;eval_version=2;step=11;pawn_steps_after=none;phase_after=InProgress
rollout_move	king-defense-first	304	BLACK	BLACK:k5>f10:-	QUEEN	-	-	-	6	128	1	COMPLETED_DEPTH	EVALUATION_LIMIT	37883667	evaluation=PAWN_PROGRESS;eval_version=2;step=12;pawn_steps_after=none;phase_after=InProgress
rollout_summary	king-defense-first	305	WHITE	-	-	-	-	-	-	-	-	-	-	-	evaluation=PAWN_PROGRESS;eval_version=2;plies=12;king_moves=3;pawn_moves=6;promotions=3;repeated_positions=0;white_turns=4;first_white_pawn_turn=3;king_only_no_pawn_progress=false;final_pawn_steps=none;final_phase=InProgress
