kind	game_id	block_id	protocol	focal	seat_assignment	ply	actor	agent	intent	source	stop_reason	nodes	evaluations	completed_depth	elapsed_ns	detail
manifest	-	-	-	-	-	-	-	-	-	-	-	-	-	-	-	scope=two synthetic mixed-material guards;not included in 48 Arena games;no objectively good-move claim
fixture	-	-	-	-	-	-	-	-	-	-	-	-	-	-	-	id=mixed-material-quiet;initial_full_state=arena-full-state-v1;pieces=[black-back-king:KING:BLACK:4,3,0:true|black-pawn-progress:PAWN:BLACK:4,0,2:true|red-back-king:KING:RED:2,3,0:true|red-pawn-progress:PAWN:RED:2,0,2:true|white-back-king:KING:WHITE:0,3,0:true|white-back-knight:KNIGHT:WHITE:3,3,0:true|white-pawn-progress:PAWN:WHITE:5,0,3:true];castling=[];en_passant=[];participants=[WHITE:Active|RED:Active|BLACK:Active];armies=[WHITE:WHITE|RED:RED|BLACK:BLACK];turn=WHITE:293;phase=InProgress
fixture_choice	-	-	-	-	-	-	WHITE	fixture-guard	WHITE:0,3,0>0,2,1:-	COMPLETED_DEPTH	DEPTH_COMPLETE	8	30	2	1333084	evaluation=CONTROL;eval_version=1;id=mixed-material-quiet;checked=false;validated=true;not_a_tournament_win
fixture_choice	-	-	-	-	-	-	WHITE	fixture-guard	WHITE:0,3,0>0,2,1:-	COMPLETED_DEPTH	DEPTH_COMPLETE	8	30	2	1255208	evaluation=PAWN_PROGRESS;eval_version=2;id=mixed-material-quiet;checked=false;validated=true;not_a_tournament_win
fixture_validation	-	-	-	-	-	-	-	-	-	-	-	-	-	-	-	id=mixed-material-quiet;passed=true;WHITE_progress_gate=inactive
fixture	-	-	-	-	-	-	-	-	-	-	-	-	-	-	-	id=mixed-material-checked;initial_full_state=arena-full-state-v1;pieces=[black-back-king:KING:BLACK:4,3,0:true|black-pawn-progress:PAWN:BLACK:4,0,2:true|red-back-king:KING:RED:2,3,0:true|red-back-rook:ROOK:RED:0,3,2:true|red-pawn-progress:PAWN:RED:2,0,2:true|white-back-king:KING:WHITE:0,3,0:true|white-back-knight:KNIGHT:WHITE:3,3,0:true|white-pawn-progress:PAWN:WHITE:5,0,3:true];castling=[];en_passant=[];participants=[WHITE:Active|RED:Active|BLACK:Active];armies=[WHITE:WHITE|RED:RED|BLACK:BLACK];turn=WHITE:293;phase=InProgress
fixture_choice	-	-	-	-	-	-	WHITE	fixture-guard	WHITE:0,3,0>0,2,1:-	COMPLETED_DEPTH	DEPTH_COMPLETE	4	38	2	6575333	evaluation=CONTROL;eval_version=1;id=mixed-material-checked;checked=true;validated=true;not_a_tournament_win
fixture_choice	-	-	-	-	-	-	WHITE	fixture-guard	WHITE:0,3,0>0,2,1:-	COMPLETED_DEPTH	DEPTH_COMPLETE	4	38	2	6449750	evaluation=PAWN_PROGRESS;eval_version=2;id=mixed-material-checked;checked=true;validated=true;not_a_tournament_win
fixture_validation	-	-	-	-	-	-	-	-	-	-	-	-	-	-	-	id=mixed-material-checked;passed=true;WHITE_progress_gate=inactive
