config	seed	ply	actor	piece	from	to	depth	nodes	evaluations	bookInfluenced	elapsedMs
control	0	1	WHITE	PAWN	e2	e3	1	8	128	false	80.804
control	0	2	RED	PAWN	d7	d6	1	8	128	false	139.481
control	0	3	BLACK	PAWN	e11	e10	1	6	128	false	90.435
control	0	4	WHITE	QUEEN	d1	g4	1	6	128	false	127.328
control	0	5	RED	QUEEN	k8	b5	1	6	128	false	123.025
control	0	6	BLACK	QUEEN	k12	g9	1	5	128	false	148.223
control	0	7	WHITE	QUEEN	g4	e10	1	4	128	false	159.296
control	0	8	RED	QUEEN	b5	e2	1	16	128	false	166.763
control	0	9	BLACK	PAWN	k11	e10	2	8	24	false	23.851
control	1	1	WHITE	PAWN	e2	e3	1	8	128	false	58.672
control	1	2	RED	PAWN	d7	d6	1	8	128	false	72.525
control	1	3	BLACK	PAWN	e11	e10	1	6	128	false	88.734
control	1	4	WHITE	QUEEN	d1	g4	1	6	128	false	96.521
control	1	5	RED	QUEEN	k8	b5	1	6	128	false	116.22
control	1	6	BLACK	QUEEN	k12	g9	1	5	128	false	144.221
control	1	7	WHITE	QUEEN	g4	e10	1	4	128	false	157.358
control	1	8	RED	QUEEN	b5	e2	1	16	128	false	164.721
control	1	9	BLACK	PAWN	k11	e10	2	8	24	false	23.708
control	2	1	WHITE	PAWN	e2	e3	1	8	128	false	57.484
control	2	2	RED	PAWN	d7	d6	1	8	128	false	70.178
control	2	3	BLACK	PAWN	e11	e10	1	6	128	false	83.119
control	2	4	WHITE	QUEEN	d1	g4	1	6	128	false	92.159
control	2	5	RED	QUEEN	k8	b5	1	6	128	false	115.625
control	2	6	BLACK	QUEEN	k12	g9	1	5	128	false	143.972
control	2	7	WHITE	QUEEN	g4	e10	1	4	128	false	157.666
control	2	8	RED	QUEEN	b5	e2	1	16	128	false	164.123
control	2	9	BLACK	PAWN	k11	e10	2	8	24	false	24.862
positional	0	1	WHITE	PAWN	e2	e3	1	8	128	false	81.829
positional	0	2	RED	PAWN	d7	d6	1	8	128	false	94.927
positional	0	3	BLACK	PAWN	e11	e10	1	6	128	false	108.629
positional	0	4	WHITE	BISHOP	f1	c4	1	6	128	false	117.146
positional	0	5	RED	KNIGHT	m8	l6	1	6	128	false	122.773
positional	0	6	BLACK	KNIGHT	m12	l10	1	5	128	false	199.103
positional	0	7	WHITE	KNIGHT	b1	c3	1	5	128	false	211.612
positional	0	8	RED	BISHOP	c8	l5	1	5	128	false	117.341
positional	0	9	BLACK	QUEEN	k12	g9	1	5	128	false	166.989
positional	1	1	WHITE	PAWN	e2	e3	1	8	128	false	62.543
positional	1	2	RED	PAWN	d7	d6	1	8	128	false	75.28
positional	1	3	BLACK	PAWN	e11	e10	1	6	128	false	87.353
positional	1	4	WHITE	BISHOP	f1	c4	1	6	128	false	95.834
positional	1	5	RED	KNIGHT	m8	l6	1	6	128	false	104.732
positional	1	6	BLACK	KNIGHT	m12	l10	1	5	128	false	113.483
positional	1	7	WHITE	KNIGHT	b1	c3	1	5	128	false	114.84
positional	1	8	RED	BISHOP	c8	l5	1	5	128	false	115.289
positional	1	9	BLACK	QUEEN	k12	g9	1	5	128	false	126.55
positional	2	1	WHITE	PAWN	e2	e3	1	8	128	false	61.472
positional	2	2	RED	PAWN	d7	d6	1	8	128	false	74.542
positional	2	3	BLACK	PAWN	e11	e10	1	6	128	false	87.185
positional	2	4	WHITE	BISHOP	f1	c4	1	6	128	false	95.669
positional	2	5	RED	KNIGHT	m8	l6	1	6	128	false	103.024
positional	2	6	BLACK	KNIGHT	m12	l10	1	5	128	false	110.552
positional	2	7	WHITE	KNIGHT	b1	c3	1	5	128	false	113.613
positional	2	8	RED	BISHOP	c8	l5	1	5	128	false	114.059
positional	2	9	BLACK	QUEEN	k12	g9	1	5	128	false	126.308
positional-book	0	1	WHITE	PAWN	e2	e3	1	8	128	false	61.704
positional-book	0	2	RED	PAWN	d7	d6	1	8	128	false	74.16
positional-book	0	3	BLACK	PAWN	e11	e10	1	6	128	false	87.335
positional-book	0	4	WHITE	BISHOP	f1	c4	1	6	128	false	96.083
positional-book	0	5	RED	KNIGHT	m8	l6	1	6	128	false	103.399
positional-book	0	6	BLACK	KNIGHT	m12	l10	1	5	128	false	111.4
positional-book	0	7	WHITE	KNIGHT	b1	c3	1	5	128	false	113.459
positional-book	0	8	RED	BISHOP	c8	l5	1	5	128	false	115.003
positional-book	0	9	BLACK	QUEEN	k12	g9	1	5	128	false	125.664
positional-book	1	1	WHITE	PAWN	e2	e3	1	8	128	false	61.549
positional-book	1	2	RED	PAWN	d7	d6	1	8	128	false	74.209
positional-book	1	3	BLACK	PAWN	e11	e10	1	6	128	false	87.702
positional-book	1	4	WHITE	BISHOP	f1	c4	1	6	128	false	95.793
positional-book	1	5	RED	KNIGHT	m8	l6	1	6	128	false	102.818
positional-book	1	6	BLACK	KNIGHT	m12	l10	1	5	128	false	111.789
positional-book	1	7	WHITE	KNIGHT	b1	c3	1	5	128	false	113.26
positional-book	1	8	RED	BISHOP	c8	l5	1	5	128	false	114.734
positional-book	1	9	BLACK	QUEEN	k12	g9	1	5	128	false	126.111
positional-book	2	1	WHITE	PAWN	e2	e3	1	8	128	false	61.461
positional-book	2	2	RED	PAWN	d7	d6	1	8	128	false	78.097
positional-book	2	3	BLACK	PAWN	e11	e10	1	6	128	false	93.107
positional-book	2	4	WHITE	BISHOP	f1	c4	1	6	128	false	95.674
positional-book	2	5	RED	KNIGHT	m8	l6	1	6	128	false	103.712
positional-book	2	6	BLACK	KNIGHT	m12	l10	1	5	128	false	110.877
positional-book	2	7	WHITE	KNIGHT	b1	c3	1	5	128	false	114.108
positional-book	2	8	RED	BISHOP	c8	l5	1	5	128	false	114.376
positional-book	2	9	BLACK	QUEEN	k12	g9	1	5	128	false	125.946
